method,rule,P,R,F1,tp,fp,fn
keywords,E001,1.0,0.5,0.667,3,0,3
keywords,E002,0.75,0.5,0.6,3,1,3
keywords,E003,1.0,0.5,0.667,3,0,3
keywords,E004,1.0,0.5,0.667,3,0,3
keywords,E005,0.6,0.5,0.545,3,2,3
keywords,E006,1.0,0.5,0.667,3,0,3
keywords,E007,0.75,0.5,0.6,3,1,3
keywords,E008,0.75,0.5,0.6,3,1,3
keywords,E009,0.231,0.5,0.316,3,10,3
keywords,E010,0.6,0.5,0.545,3,2,3
keywords,E011,1.0,0.5,0.667,3,0,3
keywords,E012,1.0,0.5,0.667,3,0,3
keywords,E013,1.0,0.5,0.667,3,0,3
keywords,E014,1.0,0.5,0.667,3,0,3
keywords,E015,0.231,0.5,0.316,3,10,3
keywords,E016,1.0,0.5,0.667,3,0,3
keywords,E017,1.0,0.5,0.667,3,0,3
keywords,E018,1.0,0.667,0.8,4,0,2
keywords,E019,1.0,0.5,0.667,3,0,3
keywords,E020,1.0,0.5,0.667,3,0,3
keywords,T001,0.75,0.5,0.6,3,1,3
keywords,T002,1.0,0.5,0.667,3,0,3
keywords,T003,0.429,0.5,0.462,3,4,3
keywords,T004,1.0,0.5,0.667,3,0,3
keywords,T005,0.5,0.5,0.5,3,3,3
keywords,T006,1.0,0.5,0.667,3,0,3
keywords,T007,0.75,0.5,0.6,3,1,3
keywords,T008,0.6,0.5,0.545,3,2,3
keywords,T009,1.0,0.5,0.667,3,0,3
keywords,T010,0.75,0.5,0.6,3,1,3
keywords,T011,1.0,0.333,0.5,2,0,4
keywords,T012,1.0,0.333,0.5,2,0,4
keywords,T013,1.0,0.333,0.5,2,0,4
keywords,T014,1.0,0.5,0.667,3,0,3
keywords,T015,1.0,0.5,0.667,3,0,3
keywords,T016,1.0,0.5,0.667,3,0,3
keywords,T017,0.625,0.833,0.714,5,3,1
keywords,T018,0.6,0.5,0.545,3,2,3
keywords_wordboundary,E001,1.0,0.5,0.667,3,0,3
keywords_wordboundary,E002,0.75,0.5,0.6,3,1,3
keywords_wordboundary,E003,1.0,0.5,0.667,3,0,3
keywords_wordboundary,E004,1.0,0.5,0.667,3,0,3
keywords_wordboundary,E005,0.5,0.333,0.4,2,2,4
keywords_wordboundary,E006,1.0,0.5,0.667,3,0,3
keywords_wordboundary,E007,1.0,0.5,0.667,3,0,3
keywords_wordboundary,E008,0.667,0.333,0.444,2,1,4
keywords_wordboundary,E009,0.231,0.5,0.316,3,10,3
keywords_wordboundary,E010,0.667,0.333,0.444,2,1,4
keywords_wordboundary,E011,1.0,0.5,0.667,3,0,3
keywords_wordboundary,E012,1.0,0.5,0.667,3,0,3
keywords_wordboundary,E013,1.0,0.5,0.667,3,0,3
keywords_wordboundary,E014,1.0,0.5,0.667,3,0,3
keywords_wordboundary,E015,1.0,0.5,0.667,3,0,3
keywords_wordboundary,E016,1.0,0.5,0.667,3,0,3
keywords_wordboundary,E017,1.0,0.5,0.667,3,0,3
keywords_wordboundary,E018,1.0,0.667,0.8,4,0,2
keywords_wordboundary,E019,1.0,0.5,0.667,3,0,3
keywords_wordboundary,E020,1.0,0.5,0.667,3,0,3
keywords_wordboundary,T001,0.75,0.5,0.6,3,1,3
keywords_wordboundary,T002,1.0,0.5,0.667,3,0,3
keywords_wordboundary,T003,0.429,0.5,0.462,3,4,3
keywords_wordboundary,T004,1.0,0.5,0.667,3,0,3
keywords_wordboundary,T005,0.5,0.5,0.5,3,3,3
keywords_wordboundary,T006,1.0,0.5,0.667,3,0,3
keywords_wordboundary,T007,0.75,0.5,0.6,3,1,3
keywords_wordboundary,T008,0.6,0.5,0.545,3,2,3
keywords_wordboundary,T009,1.0,0.5,0.667,3,0,3
keywords_wordboundary,T010,0.75,0.5,0.6,3,1,3
keywords_wordboundary,T011,1.0,0.333,0.5,2,0,4
keywords_wordboundary,T012,1.0,0.333,0.5,2,0,4
keywords_wordboundary,T013,1.0,0.333,0.5,2,0,4
keywords_wordboundary,T014,1.0,0.5,0.667,3,0,3
keywords_wordboundary,T015,1.0,0.5,0.667,3,0,3
keywords_wordboundary,T016,1.0,0.5,0.667,3,0,3
keywords_wordboundary,T017,1.0,0.333,0.5,2,0,4
keywords_wordboundary,T018,0.75,0.5,0.6,3,1,3
tfidf_multiclass,E001,0.5,0.333,0.4,2,2,4
tfidf_multiclass,E002,0.4,0.333,0.364,2,3,4
tfidf_multiclass,E003,0.429,0.5,0.462,3,4,3
tfidf_multiclass,E004,0.5,0.333,0.4,2,2,4
tfidf_multiclass,E005,0.333,0.167,0.222,1,2,5
tfidf_multiclass,E006,0.571,0.667,0.615,4,3,2
tfidf_multiclass,E007,0.625,0.833,0.714,5,3,1
tfidf_multiclass,E008,0.667,0.333,0.444,2,1,4
tfidf_multiclass,E009,0.667,1.0,0.8,6,3,0
tfidf_multiclass,E010,0.5,0.5,0.5,3,3,3
tfidf_multiclass,E011,1.0,0.833,0.909,5,0,1
tfidf_multiclass,E012,0.5,0.667,0.571,4,4,2
tfidf_multiclass,E013,0.833,0.833,0.833,5,1,1
tfidf_multiclass,E014,0.556,0.833,0.667,5,4,1
tfidf_multiclass,E015,1.0,0.333,0.5,2,0,4
tfidf_multiclass,E016,0.364,0.667,0.471,4,7,2
tfidf_multiclass,E017,0.333,0.333,0.333,2,4,4
tfidf_multiclass,E018,0.8,0.667,0.727,4,1,2
tfidf_multiclass,E019,0.5,0.5,0.5,3,3,3
tfidf_multiclass,E020,0.4,0.333,0.364,2,3,4
tfidf_multiclass,T001,0.5,0.333,0.4,2,2,4
tfidf_multiclass,T002,0.8,0.667,0.727,4,1,2
tfidf_multiclass,T003,0.375,0.5,0.429,3,5,3
tfidf_multiclass,T004,0.857,1.0,0.923,6,1,0
tfidf_multiclass,T005,0.5,1.0,0.667,6,6,0
tfidf_multiclass,T006,0.5,0.833,0.625,5,5,1
tfidf_multiclass,T007,0.286,0.333,0.308,2,5,4
tfidf_multiclass,T008,0.0,0.0,0.0,0,2,6
tfidf_multiclass,T009,0.091,0.167,0.118,1,10,5
tfidf_multiclass,T010,0.5,0.833,0.625,5,5,1
tfidf_multiclass,T011,0.75,0.5,0.6,3,1,3
tfidf_multiclass,T012,0.4,0.333,0.364,2,3,4
tfidf_multiclass,T013,0.0,0.0,0.0,0,0,6
tfidf_multiclass,T014,0.667,0.667,0.667,4,2,2
tfidf_multiclass,T015,0.833,0.833,0.833,5,1,1
tfidf_multiclass,T016,1.0,0.833,0.909,5,0,1
tfidf_multiclass,T017,0.0,0.0,0.0,0,5,6
tfidf_multiclass,T018,0.2,0.167,0.182,1,4,5
tfidf_ovr,E001,1.0,0.167,0.286,1,0,5
tfidf_ovr,E002,0.5,0.167,0.25,1,1,5
tfidf_ovr,E003,0.0,0.0,0.0,0,0,6
tfidf_ovr,E004,0.0,0.0,0.0,0,0,6
tfidf_ovr,E005,0.0,0.0,0.0,0,0,6
tfidf_ovr,E006,0.667,0.333,0.444,2,1,4
tfidf_ovr,E007,0.0,0.0,0.0,0,0,6
tfidf_ovr,E008,0.0,0.0,0.0,0,0,6
tfidf_ovr,E009,1.0,0.333,0.5,2,0,4
tfidf_ovr,E010,0.0,0.0,0.0,0,0,6
tfidf_ovr,E011,1.0,0.167,0.286,1,0,5
tfidf_ovr,E012,0.0,0.0,0.0,0,0,6
tfidf_ovr,E013,0.0,0.0,0.0,0,0,6
tfidf_ovr,E014,1.0,0.333,0.5,2,0,4
tfidf_ovr,E015,0.0,0.0,0.0,0,0,6
tfidf_ovr,E016,0.0,0.0,0.0,0,1,6
tfidf_ovr,E017,0.0,0.0,0.0,0,0,6
tfidf_ovr,E018,1.0,0.167,0.286,1,0,5
tfidf_ovr,E019,0.0,0.0,0.0,0,0,6
tfidf_ovr,E020,1.0,0.167,0.286,1,0,5
tfidf_ovr,T001,0.0,0.0,0.0,0,0,6
tfidf_ovr,T002,1.0,0.167,0.286,1,0,5
tfidf_ovr,T003,0.0,0.0,0.0,0,1,6
tfidf_ovr,T004,1.0,0.167,0.286,1,0,5
tfidf_ovr,T005,1.0,0.5,0.667,3,0,3
tfidf_ovr,T006,0.333,0.167,0.222,1,2,5
tfidf_ovr,T007,1.0,0.167,0.286,1,0,5
tfidf_ovr,T008,0.0,0.0,0.0,0,0,6
tfidf_ovr,T009,0.0,0.0,0.0,0,1,6
tfidf_ovr,T010,0.0,0.0,0.0,0,1,6
tfidf_ovr,T011,0.0,0.0,0.0,0,0,6
tfidf_ovr,T012,1.0,0.167,0.286,1,0,5
tfidf_ovr,T013,0.0,0.0,0.0,0,0,6
tfidf_ovr,T014,1.0,0.167,0.286,1,0,5
tfidf_ovr,T015,1.0,0.167,0.286,1,0,5
tfidf_ovr,T016,0.0,0.0,0.0,0,0,6
tfidf_ovr,T017,0.0,0.0,0.0,0,2,6
tfidf_ovr,T018,0.0,0.0,0.0,0,0,6
