id,pred
C001,E001
C002,E012
C003,E001
C004,E009
C005,
C006,E012
C007,E003
C008,E002
C009,E002
C010,E010
C011,
C012,E006
C013,E002
C014,E003
C015,E003
C016,E020
C017,E002
C018,E003
C019,E003
C020,E004
C021,E017
C022,E007
C023,E004
C024,E018
C025,E005
C026,E006
C027,
C028,E001
C029,E014
C030,E007
C031,E006
C032,E006
C033,E020
C034,E006
C035,E006
C036,E016
C037,E007
C038,E007
C039,E007
C040,E007
C041,E007
C042,
C043,E008
C044,E002
C045,E004
C046,E008
C047,E007
C048,E006
C049,E009
C050,E009
C051,E009
C052,E009
C053,E009
C054,E009
C055,E010
C056,
C057,
C058,E001
C059,E010
C060,E010
C061,E011
C062,
C063,E011
C064,E011
C065,E011
C066,E011
C067,E012
C068,E012
C069,
C070,E012
C071,E009
C072,E012
C073,E013
C074,
C075,E013
C076,E013
C077,E013
C078,E013
C079,E014
C080,E014
C081,E014
C082,E014
C083,E014
C084,
C085,E015
C086,
C087,E015
C088,E012
C089,E012
C090,
C091,E019
C092,E017
C093,E016
C094,E016
C095,E016
C096,E016
C097,E016
C098,E020
C099,E016
C100,E017
C101,E016
C102,E017
C103,E018
C104,E018
C105,E008
C106,E016
C107,E018
C108,E018
C109,E016
C110,E019
C111,E019
C112,E019
C113,E017
C114,E016
C115,
C116,E004
C117,E020
C118,E003
C119,E020
C120,E017
C121,
C122,E019
C123,E010
C124,
C125,
C126,
C127,
C128,E014
C129,E009
C130,
C131,
C132,E014
C133,
C134,E005
C135,
C136,E013
C137,E005
C138,E003
C139,E019
C140,E010
C141,E014
C142,T001
C143,T001
C144,
C145,T009
C146,T006
C147,T010
C148,T002
C149,T002
C150,T005
C151,T002
C152,T002
C153,T005
C154,T003
C155,T007
C156,T003
C157,T003
C158,T012
C159,T005
C160,T004
C161,T004
C162,T004
C163,T004
C164,T004
C165,T004
C166,T005
C167,T005
C168,T005
C169,T005
C170,T005
C171,T005
C172,T006
C173,T006
C174,T006
C175,
C176,T006
C177,T006
C178,T007
C179,T012
C180,T005
C181,T012
C182,T007
C183,T003
C184,T009
C185,T017
C186,
C187,T003
C188,T018
C189,
C190,T017
C191,T009
C192,T017
C193,T017
C194,T001
C195,T015
C196,T010
C197,T010
C198,T010
C199,T007
C200,T010
C201,T010
C202,T011
C203,T011
C204,T017
C205,T009
C206,T009
C207,T011
C208,T003
C209,T003
C210,T012
C211,T002
C212,T012
C213,T018
C214,T007
C215,T005
C216,T014
C217,T007
C218,T009
C219,T007
C220,T006
C221,T014
C222,T014
C223,T014
C224,T014
C225,T009
C226,T015
C227,T015
C228,T015
C229,T009
C230,T015
C231,T015
C232,T016
C233,T016
C234,T016
C235,T005
C236,T016
C237,T016
C238,T009
C239,T004
C240,T009
C241,
C242,T006
C243,T010
C244,T001
C245,T009
C246,T010
C247,T008
C248,
C249,T018
C250,
C251,T010
C252,T006
C253,T006
C254,T003
C255,
C256,
C257,T011
C258,
C259,
C260,
C261,T014
C262,
C263,T010
C264,T018
C265,T008
C266,T018
